<?xml version="1.0" encoding="UTF-8"?>

<!-- Carrier policy XML for KDDI with LTE in Home and G/W/L in Roam. VoLTE is always assumed ON for this XML. 
$Header: //commercial/MPSS.HE.1.0.c1.3/Main/modem_proc/mmcp/policyman/configurations/Carrier/KDDI/subsidized/carrier_policy.xml#1 $
-->

<policy name        = "generic"
        changelist  = "$Change: 17454978 $"
        policy_ver  = "43.1.16"
>

  <initial>

    <plmn_list name="unrestricted_operators">
      440-07 440-08 
      440-50 440-51 440-52 440-53 440-54 440-55 440-56 
      440-70 440-71 440-72 440-73 440-74 440-75 440-76 440-77 440-78 440-79 
      440-88 440-89 
      441-70 001-01
    </plmn_list>

    <mcc_list name="japan_mccs"> 440 441 442 443 </mcc_list>
    <mcc_list name="china_mccs"> 460 </mcc_list>
    <mcc_list name="test_mccs"> 001 999 </mcc_list>

    <boolean_define name="pm:restrict_1x_tds_for_emergency" initial="true" />
    
    <define_fullrat_config>
      <rat_capability base="none">
        <include> G W L </include>
      </rat_capability>
    </define_fullrat_config>

    <!-- Japan RF Band list --> 
    <rf_band_list name="rf_bands_japan">
      <gw_bands base="hardware">
        <!-- Not support CDMA BC15 in Japan--> 
        <exclude> 31 </exclude> 
      </gw_bands>         
      <lte_bands base="hardware" />
        <!-- Not support TDSCDMA in Japan-->       
      <tds_bands base="none" />
    </rf_band_list>

    <!-- Japan RKT RF Band list --> 
    <rf_band_list name="rf_bands_japan_rkt">
      <gw_bands base="hardware">
        <exclude> 31 </exclude> 
      </gw_bands>         
      <lte_bands base="hardware">
	    <!-- Not support B28 for RKT model in Japan--> 
		<exclude> 27 </exclude>
	  </lte_bands>
      <tds_bands base="none" />
    </rf_band_list>
    
    <!-- World RF Band list --> 
    <rf_band_list name="rf_bands_world">
      <gw_bands base="hardware" />
      <lte_bands base="hardware">
        <!-- Not support Band 42 in NOT Japan according to HW request--> 
        <exclude> 41 </exclude>   
      </lte_bands>   
      <tds_bands base="hardware" />
    </rf_band_list>

    <rf_bands base="hardware"/>

    <ue_mode> NORMAL </ue_mode>

    <feature single_sim="normal"> dualmmode </feature>

    <rat_capability_if base="none">
      <include> G W L </include>
    </rat_capability_if>

  </initial>

  <if>
    <any_of>
      <not> <phone_operating_mode> ONLINE </phone_operating_mode> </not>
      <not> <have_location /> </not>
      <not> <have_imsi /> </not>
    </any_of>
    <then>
      <stop />
    </then>
  </if>

  <!-- Beyond this point, the device is ONLINE and has a location. -->
  <svc_mode> FULL </svc_mode>

  <select>
    <case>
      <all_of>
        <csc_is> RKT </csc_is>
        <location_mcc_in list="japan_mccs" />
      </all_of>
      <then>
        <rat_capability base="none">
          <include> L W </include>
        </rat_capability>
        <rf_bands list="rf_bands_japan_rkt" />
      <boolean_set name="pm:restrict_1x_tds_for_emergency" value="true" />
      </then>
    </case>

    <case>
      <all_of>
        <imsi_plmn_in list="unrestricted_operators" />
        <location_mcc_in list="japan_mccs" />
      </all_of>
      <then>
        <rat_capability base="none">
          <include> L </include>
        </rat_capability>
        <rf_bands list="rf_bands_japan" />
      <boolean_set name="pm:restrict_1x_tds_for_emergency" value="true" />
      </then>
    </case>

    <case>
      <location_mcc_in list="japan_mccs" />
      <then>
        <rat_capability base="none">
          <include> L W</include>
        </rat_capability>
        <rf_bands list="rf_bands_japan" />
      <boolean_set name="pm:restrict_1x_tds_for_emergency" value="true" />
      </then>
    </case>
    
    <case>
      <location_mcc_in list="test_mccs" />
      <then>
        <if>
          <sim_type> CSIM </sim_type>
          <then>
            <rat_capability base="none">
              <include> C H G W L T </include>
            </rat_capability>
          </then>
          <else>
            <rat_capability base="none">
              <include> G W L T </include>
            </rat_capability>          
          </else>
        </if>   
        <rf_bands base="hardware" />
      <boolean_set name="pm:restrict_1x_tds_for_emergency" value="false" />
      </then>
    </case>
    
    <case>
      <location_mcc_in list="china_mccs" />
      <then>
        <if>
          <sim_type> CSIM </sim_type>
          <then>
            <rat_capability base="none">
              <include> C H G W L T </include>
            </rat_capability>
          </then>
          <else>
            <rat_capability base="none">
              <include> G W L T </include>
            </rat_capability>          
          </else>
        </if> 
        <rf_bands list="rf_bands_world" />
      <boolean_set name="pm:restrict_1x_tds_for_emergency" value="false" />
      </then>
    </case>    
    
    <case>
      <true />
      <then>
        <rat_capability base="none">
          <include> G W L </include>
        </rat_capability>
        <rf_bands list="rf_bands_world" />
      <boolean_set name="pm:restrict_1x_tds_for_emergency" value="true" />
      </then>
    </case>
  </select> 

</policy>
