<?xml version="1.0" encoding="UTF-8"?>
<policy mcfg_db_ver="1.2.3" name="generic">
  <initial>
    <tristate_define name="iin" value="undef" />
    <tristate_define name="3gpp_imsi" value="undef" />
    <tristate_define name="3gpp2_imsi" value="undef" />
    <tristate_define name="impi" value="undef" />
  </initial>
  <if>
    <any_of evaluate_all="true">
      <tristate_reset_all return="false" />
      <iin_in not_present="false" store_in="iin">8981100</iin_in>
      <imsi_3gpp_plmn_in not_present="false" store_in="3gpp_imsi">440-10</imsi_3gpp_plmn_in>
    </any_of>
    <then>
      <SelRecord carrier_name="DCM" country_code="356" iin="iin" imsi_3gpp="3gpp_imsi" mcfg_carrier_index="13" volte="true" vowifi="false" />
    </then>
  </if>
  <if>
    <any_of evaluate_all="true">
      <tristate_reset_all return="false" />
      <iin_in not_present="false" store_in="iin">898130</iin_in>
      <imsi_3gpp_plmn_in not_present="false" store_in="3gpp_imsi">440-51</imsi_3gpp_plmn_in>
    </any_of>
    <then>
      <SelRecord carrier_name="KDI" country_code="392" iin="iin" imsi_3gpp="3gpp_imsi" mcfg_carrier_index="7" volte="true" vowifi="false" />
    </then>
  </if>
  <if>
    <any_of evaluate_all="true">
      <tristate_reset_all return="false" />	  
      <iin_in not_present="false" store_in="iin">898600 898602 898604 898607 898608 898613 898615</iin_in>
      <imsi_3gpp_plmn_in not_present="false" store_in="3gpp_imsi">460-00 460-02 460-04 460-07 460-08 460-13 460-15</imsi_3gpp_plmn_in>
    </any_of>
    <then>
      <SelRecord carrier_name="CHC" country_code="156" iin="iin" imsi_3gpp="3gpp_imsi" mcfg_carrier_index="32" volte="true" vowifi="false" />
    </then>
  </if>
  <if>
    <any_of evaluate_all="true">
      <tristate_reset_all return="false" />
      <iin_in not_present="false" store_in="iin">898603 898611 8985302 8985307</iin_in>
      <imsi_3gpp_plmn_in not_present="false" store_in="3gpp_imsi">460-03 460-05 460-11 460-12 455-02 455-07 460-59</imsi_3gpp_plmn_in>
      <imsi_3gpp2_plmn_in not_present="false" store_in="3gpp2_imsi">460-03</imsi_3gpp2_plmn_in>
    </any_of>
    <then>
      <SelRecord carrier_name="CTC" country_code="156" iin="iin" imsi_3gpp="3gpp_imsi" imsi_3gpp2="3gpp2_imsi" mcfg_carrier_index="19" volte="true" vowifi="false" />
    </then>
  </if>
  <if>
    <all_of>
      <tristate_reset_all return="true" />
      <iin_in not_present="false" store_in="iin">898603 898611 8985302 8985307</iin_in>
      <imsi_3gpp_plmn_in not_present="false" store_in="3gpp_imsi">204-04 460-01 454-04</imsi_3gpp_plmn_in>
    </all_of>
    <then>
      <SelRecord carrier_name="CTC" country_code="156" iin="iin" imsi_3gpp="3gpp_imsi" imsi_3gpp2="3gpp2_imsi" mcfg_carrier_index="19" volte="true" vowifi="false" />
    </then>
  </if>
  <if>
    <any_of evaluate_all="true">
      <tristate_reset_all return="false" />
      <iin_in not_present="false" store_in="iin">898601 898606 898609</iin_in>
      <imsi_3gpp_plmn_in not_present="false" store_in="3gpp_imsi">460-09 460-01 460-06</imsi_3gpp_plmn_in>
    </any_of>
    <then>
      <SelRecord carrier_name="CHU" country_code="156" iin="iin" imsi_3gpp="3gpp_imsi" mcfg_carrier_index="21" volte="true" vowifi="false" />
    </then>
  </if>
  <if>
    <any_of evaluate_all="true">
      <tristate_reset_all return="false" />
      <iin_in not_present="false" store_in="iin">898230</iin_in>
      <imsi_3gpp_plmn_in not_present="false" store_in="3gpp_imsi">450-08</imsi_3gpp_plmn_in>
    </any_of>
    <then>
      <SelRecord carrier_name="KT" country_code="410" iin="iin" imsi_3gpp="3gpp_imsi" mcfg_carrier_index="39" volte="true" vowifi="false" />
    </then>
  </if>
  <if>
    <any_of evaluate_all="true">
      <tristate_reset_all return="false" />
      <iin_in not_present="false" store_in="iin">898206</iin_in>
      <imsi_3gpp_plmn_in not_present="false" store_in="3gpp_imsi">450-06</imsi_3gpp_plmn_in>
    </any_of>
    <then>
      <SelRecord carrier_name="LGU" country_code="410" iin="iin" imsi_3gpp="3gpp_imsi" mcfg_carrier_index="38" volte="true" vowifi="false" />
    </then>
  </if>
  <if>
    <any_of evaluate_all="true">
      <tristate_reset_all return="false" />
      <iin_in not_present="false" store_in="iin">898205</iin_in>
      <imsi_3gpp_plmn_in not_present="false" store_in="3gpp_imsi">450-05</imsi_3gpp_plmn_in>
    </any_of>
    <then>
      <SelRecord carrier_name="SKT" country_code="410" iin="iin" imsi_3gpp="3gpp_imsi" mcfg_carrier_index="39" volte="true" vowifi="false" />
    </then>
  </if>
  <if>
    <any_of evaluate_all="true">
      <tristate_reset_all return="false" />
      <iin_in not_present="false" store_in="iin">8901410 8901030 8901150 8901170 8901560 8901680 8901380 8901180 8901280</iin_in>
      <imsi_3gpp_plmn_in not_present="false" store_in="3gpp_imsi">310-170 310-380 310-90 310-280 310-70 310-410 310-980 310-560 310-30 311-180 310-150 310-680</imsi_3gpp_plmn_in>
    </any_of>
    <then>
      <SelRecord carrier_name="ATT" country_code="840" iin="iin" imsi_3gpp="3gpp_imsi" mcfg_carrier_index="3" volte="true" vowifi="false" />
    </then>
  </if> 
  <if>
    <any_of evaluate_all="true">
      <tristate_reset_all return="false" />
      <iin_in not_present="false" store_in="iin">8901120</iin_in>
      <imsi_3gpp_plmn_in not_present="false" store_in="3gpp_imsi">310-120</imsi_3gpp_plmn_in>
    </any_of>
    <then>
      <SelRecord carrier_name="SPR" country_code="840" iin="iin" imsi_3gpp="3gpp_imsi" mcfg_carrier_index="2" volte="true" vowifi="false" />
    </then>
  </if>
  <if>
    <any_of evaluate_all="true">
      <tristate_reset_all return="false" />
      <iin_in not_present="false" store_in="iin">8949024 8944302 8901026 8901160 8901260 8901490</iin_in>
      <imsi_3gpp_plmn_in not_present="false" store_in="3gpp_imsi">310-160 310-200 310-210 310-220 310-230 310-240 310-250 310-260 310-270 310-310 310-490 310-660 310-800</imsi_3gpp_plmn_in>
    </any_of>
    <then>
      <SelRecord carrier_name="TMO" country_code="840" iin="iin" imsi_3gpp="3gpp_imsi" mcfg_carrier_index="5" volte="true" vowifi="false" />
    </then>
  </if>
  <if>
    <any_of evaluate_all="true">
      <tristate_reset_all return="false" />
      <iin_in not_present="false" store_in="iin">8901580</iin_in>
      <imsi_3gpp_plmn_in not_present="false" store_in="3gpp_imsi">310-730 311-220</imsi_3gpp_plmn_in>
    </any_of>
    <then>
      <SelRecord carrier_name="USC" country_code="840" iin="iin" imsi_3gpp="3gpp_imsi" mcfg_carrier_index="24" volte="true" vowifi="false" />
    </then>
  </if>
  <if>
    <any_of evaluate_all="true">
      <tristate_reset_all return="false" />
      <iin_in not_present="false" store_in="iin">891480 891004 891005 891012</iin_in>
      <imsi_3gpp_plmn_in not_present="false" store_in="3gpp_imsi">310-590 310-890 311-480 311-270 312-770</imsi_3gpp_plmn_in>
    </any_of>
    <then>
      <SelRecord carrier_name="VZW" country_code="840" iin="iin" imsi_3gpp="3gpp_imsi" mcfg_carrier_index="1" volte="true" vowifi="false" />
    </then>
  </if>
  <if>
    <any_of>
      <tristate_reset_all return="false" />
      <imsi_3gpp_plmn_in not_present="false" store_in="3gpp_imsi">450-01 001-01 999-99</imsi_3gpp_plmn_in>
    </any_of>
    <then>
      <SelRecord carrier_name="ROW" imsi_3gpp="3gpp_imsi" mcfg_carrier_index="8" volte="true" vowifi="false" />
    </then>
  </if>

  <if>
    <tristate_reset_all return="true" />
    <then>
      <SelRecord carrier_name="ROW" iin="iin" imsi_3gpp="3gpp_imsi" mcfg_carrier_index="8" />
    </then>
  </if>
</policy>
